Image 1449,Image 1155
8.98,4.454
5.847,1.669
5.388,1.669
6.623,7.463
6.117,2.762
5.143,4.216
60.389,3.326
16.713,4.941
27.308,4.026
12.234,2.656
20.096,4.207
12.154,1.953
7.273,2.72
28.97,3.337
4.819,2.776
4.886,1.669
19.31,3.955
15.78,4.301
6.623,4.687
12.495,4.695
57.919,6.241
5.679,5.334
6.425,4.496
5.792,3.131
8.072,4.026
3.213,4.597
9.158,2.656
75.977,4.454
10.472,1.31
141.381,0.977
5.847,3.274
56.252,3.906
15.841,1.575
5.679,3.149
4.886,6.643
17.038,4.175
6.425,1.758
7.91,5.687
7.405,5.259
7.184,5.503
67.716,3.221
64.78,6.298
36.099,3.926
10.776,1.487
9.158,2.72
12.495,4.597
10.441,2.47
13.748,6.519
6.273,3.752
8.651,2.975
5.792,4.979
4.886,3.601
4.325,1.924
8.651,3.537
11.273,4.788
4.886,3.494
6.425,3.731
5.388,3.911
9.401,5.441
8.072,3.911
8.072,4.216
8.871,4.687
6.623,2.344
6.476,2.184
8.191,4.691
8.269,2.184
15.345,5.94
33.281,2.975
28.1,24.85
25.208,2.734
33.513,2.656
32.127,5.747
16.886,4.106
7.405,5.953
13.678,1.769
32.378,4.288
4.886,4.078
6.623,3.757
12.048,4.53
10.16,4.106
6.476,4.724
8.032,3.926
6.425,3.337
7.273,3.792
5.622,4.389
6.623,4.788
10.776,5.078
5.679,3.372
8.871,1.575
11.187,2.501
4.819,2.36
7.62,1.853
7.62,2.975
4.886,4.337
6.476,2.011
15.512,6.105
43.298,3.337
17.615,4.026
79.548,4.143
13.295,3.649
60.26,3.649
9.158,4.752
9.158,3.601
10.441,5.744
8.191,4.314
6.425,6.88
6.425,2.903
8.191,3.757
6.623,3.057
8.072,2.988
12.048,5.853
7.62,2.713
4.016,24.687
7.184,8.813
8.98,8.414
4.886,4.695
8.032,4.207
5.792,8.093
18.733,5.006
7.405,3.669
7.273,2.376
10.064,3.911
16.243,2.606
9.638,2.227
8.032,3.521
6.476,3.326
45.007,4.106
49.901,4.138
34.574,4.979
4.016,4.804
6.476,5.875
3.312,4.695
6.425,5.95
4.819,4.945
4.095,2.447
8.269,4.266
6.909,5.677
5.143,3.155
7.273,5.503
5.679,3.983
2.272,5.784
4.819,6.398
4.016,4.106
8.835,3.792
5.847,2.36
6.476,29.366
6.476,3.411
5.792,3.852
4.095,4.824
5.847,4.207
4.095,2.352
47.245,4.509
12.546,5.156
7.405,4.026
21.686,59.988
5.847,5.189
5.792,2.734
12.546,6.386
12.154,2.844
7.405,4.572
4.095,3.955
14.546,2.352
5.679,4.991
5.847,3.461
9.158,3.731
6.476,4.704
5.08,5.021
9.804,4.175
6.425,3.601
4.016,4.462
9.401,5.911
4.819,4.207
6.117,4.18
10.472,6.067
12.048,5.95
4.886,2.376
6.623,4.078
5.847,4.509
6.476,5.472
4.016,5.363
6.623,5.784
6.476,1.575
5.679,2.656
27.308,6.869
18.733,4.106
5.679,2.62
7.184,5.694
4.886,4.642
13.865,4.389
9.771,4.323
8.688,1.769
8.386,2.352
7.405,3.837
4.886,34.343
8.651,2.539
3.312,7.863
4.095,2.539
5.622,3.649
16.263,4.026
4.095,3.601
4.095,4.572
3.213,5.127
4.016,5.784
4.819,4.851
8.98,1.769
6.425,1.525
4.016,3.906
9.672,3.051
6.425,5.07
8.072,4.941
10.564,5.744
6.623,4.143
4.325,6.058
11.359,2.47
5.792,5.402
4.819,5.082
16.558,2.741
14.21,3.521
5.847,4.216
4.016,3.757
6.623,3.051
16.243,4.509
10.564,4.724
11.245,2.569
8.191,5.687
5.679,4.887
5.622,3.669
5.622,1.992
5.847,2.936
3.592,3.494
6.623,2.539
5.08,3.326
5.679,4.297
7.229,5.514
6.425,3.494
6.476,3.274
5.08,4.704
5.792,3.847
6.476,2.656
4.095,2.713
3.213,7.268
6.623,2.227
5.847,3.792
2.41,4.695
5.847,2.903
15.429,2.656
5.679,3.131
6.623,3.337
3.592,2.376
4.886,4.266
29.891,3.792
15.821,4.301
6.117,3.343
4.095,5.667
5.388,7.445
3.213,1.801
3.213,3.088
3.213,2.62
4.544,4.695
5.143,2.278
4.325,2.416
6.476,3.494
5.792,4.691
6.476,4.756
6.117,4.138
8.032,2.606
6.862,3.411
8.98,3.521
4.886,2.47
5.847,2.713
5.792,2.184
4.016,4.389
4.886,6.241
7.91,2.988
14.233,3.711
5.847,3.411
4.095,4.266
5.679,4.883
7.229,4.026
6.815,2.988
8.269,4.106
11.5,3.088
8.98,4.314
5.622,6.105
5.622,5.503
12.951,3.411
61.301,4.979
6.425,5.528
5.847,6.304
4.095,4.572
6.476,5.211
7.184,1.843
12.469,2.936
8.072,7.597
6.623,1.769
3.592,44.501
31.611,5.991
8.072,5.767
4.095,3.911
7.229,8.813
7.229,5.127
10.441,3.93
7.229,1.747
5.622,4.559
5.388,1.769
5.847,3.131
8.98,2.975
8.835,3.521
9.771,3.221
9.771,3.32
8.032,2.039
28.054,3.179
12.951,2.546
60.41,3.911
8.032,5.593
8.269,3.772
27.178,2.606
11.273,4.454
7.62,2.569
7.91,2.47
29.489,3.649
9.401,4.143
4.819,2.47
78.552,4.207
19.427,5.687
7.184,3.983
4.819,4.72
4.016,2.903
4.819,5.07
6.476,3.95
6.623,3.125
67.644,3.837
4.325,3.149
6.425,2.903
7.273,5.448
4.016,4.367
4.819,3.461
4.819,3.149
4.819,5.859
26.261,3.131
81.293,4.572
9.158,6.289
12.546,4.509
7.405,6.551
6.117,6.298
6.862,6.398
8.072,3.591
8.032,2.93
5.08,2.606
4.819,2.741
7.62,6.469
5.792,3.149
7.273,3.032
4.886,3.706
6.425,3.772
4.683,5.744
6.476,3.131
7.229,4.642
6.623,4.367
4.886,2.352
9.158,4.406
7.273,7.486
4.325,4.642
7.405,4.462
3.592,4.883
7.184,5.559
6.623,0.873
7.62,6.794
4.819,4.496
6.273,4.454
4.544,3.032
6.273,4.207
15.429,4.106
3.408,5.827
5.143,6.448
8.032,4.898
30.532,3.521
5.679,4.941
7.229,2.227
8.072,4.887
9.638,2.762
9.672,2.62
8.032,6.25
5.08,2.93
9.638,3.521
8.871,4.687
11.273,2.352
14.81,5.859
1.796,5.784
4.016,3.32
5.847,1.769
4.819,3.669
6.476,3.716
3.213,2.157
5.622,2.157
3.213,1.924
2.41,5.16
4.819,3.649
8.98,3.221
6.862,2.344
6.425,1.758
13.075,2.656
12.469,2.741
9.672,1.31
17.634,2.148
6.862,2.741
6.476,4.687
13.295,3.537
27.742,5.277
9.804,3.955
8.835,6.457
4.095,5.911
9.672,6.176
8.032,3.752
6.815,3.591
9.087,4.941
6.909,5.331
8.538,3.149
6.909,5.827
10.286,5.402
8.269,4.597
11.5,3.032
6.476,2.184
5.847,2.956
6.862,6.643
6.425,3.149
8.98,3.649
5.388,4.297
7.405,3.601
5.847,5.021
8.835,5.472
5.622,8.675
4.886,3.731
5.08,4.064
4.095,4.225
4.016,4.704
1.606,2.93
4.819,4.216
1.606,5.078
2.54,5.552
3.592,4.314
4.016,18.12
8.871,3.906
3.213,3.564
2.41,3.125
3.312,4.851
1.606,6.735
2.41,5.797
2.41,3.521
2.896,2.93
1.796,3.516
5.08,2.352
4.886,4.752
4.819,4.559
4.819,3.537
2.896,2.981
4.544,2.981
5.679,3.32
2.54,3.601
2.41,3.455
10.472,14.938
8.032,16.63
8.98,4.026
5.388,3.757
7.229,7.627
8.191,6.017
5.388,3.564
4.325,4.509
5.847,3.372
2.896,10.57
4.325,6.979
11.158,6.105
1.606,6.117
3.312,6.442
4.819,4.752
4.819,3.906
7.273,5.171
5.622,7.077
12.075,4.225
4.325,5.441
7.62,5.5
7.273,3.95
4.095,4.832
4.016,3.926
5.08,5.718
4.886,3.983
6.476,2.352
6.476,3.983
5.08,3.326
6.425,5.313
4.886,7.657
2.54,8.719
1.796,4.496
1.796,3.983
3.213,2.539
4.886,7.812
3.213,11.614
8.032,4.824
4.095,9.882
3.312,4.695
7.229,9.079
4.886,3.711
8.191,4.941
2.54,13.587
122.14,4.337
4.095,4.832
7.273,4.53
7.229,4.297
8.191,4.53
7.273,3.601
6.476,6.492
10.064,5.623
7.405,3.411
7.273,4.509
5.08,3.125
7.62,1.575
7.62,8.826
7.229,9.407
6.476,3.601
5.08,5.078
7.229,5.5
6.425,1.769
6.623,1.801
4.819,4.509
6.425,6.228
4.325,6.836
4.819,8.567
9.158,3.757
2.41,5.171
10.564,4.691
8.032,4.301
8.651,6.398
7.229,4.659
5.08,5.677
5.388,6.519
1.796,7.834
6.623,5.911
5.847,5.483
4.886,2.796
4.886,3.411
3.213,8.843
2.54,7.297
4.544,2.148
5.143,1.801
4.886,2.734
9.672,1.963
2.896,3.149
16.558,2.344
31.611,6.442
4.683,6.78
5.622,3.95
3.312,4.642
4.016,6.017
3.592,5.313
6.117,2.762
6.815,2.569
6.815,2.62
4.886,3.461
6.425,2.416
8.98,4.609
6.862,2.988
9.672,3.837
4.325,5.524
11.273,3.221
11.584,2.776
8.386,3.716
7.229,6.253
4.886,4.559
5.679,6.78
7.229,3.792
5.792,7.012
3.592,2.796
4.544,2.039
4.016,5.374
152.023,2.039
90.987,4.941
29.62,5.171
27.178,3.131
15.345,2.734
8.538,4.832
36.099,3.149
81.277,4.12
60.857,4.367
85.13,17.197
,6.359
,4.078
,3.564
,3.591
,2.656
,2.796
,1.367
,1.68
,3.669
,3.155
,3.521
,2.762
,4.496
,3.125
,3.179
,2.762
,4.642
,5.469
,3.343
,1.758
,20.275
,5.067
,4.12
,6.298
,7.627
,5.211
,3.906
,7.817
,3.372
,5.637
,2.796
,4.314
,3.179
,2.539
,3.36
,3.521
,3.95
,3.516
,3.221
,2.844
,5.374
,6.971
,1.611
,3.837
,6.064
,6.277
,5.637
,5.637
,3.926
,15.093
,5.623
,4.724
,7.109
,3.461
,4.559
,7.873
,1.963
,4.836
,4.337
,4.454
,3.155
,1.992
,2.148
,10.043
,3.837
,1.31
,1.575
,2.076
,5.402
,4.283
,6.492
,2.817
,6.362
,7.171
,4.496
,2.844
,3.601
,3.221
,3.792
,4.367
,6.492
,6.133
,6.472
,4.207
,5.637
,3.757
,5.07
,3.792
,7.128
,7.128
,7.776
,5.363
,6.204
,4.207
,3.601
,2.975
,1.575
,3.494
,2.93
,3.032
,1.31
,7.967
,3.601
,4.836
,4.496
,2.981
,4.301
,7.187
,2.227
,2.796
,3.125
,4.314
,4.704
,8.35
,2.762
,4.509
,3.537
,2.796
,4.323
,3.564
,9.767
,4.175
,3.221
,6.176
,5.127
,7.707
,12.538
,8.017
,7.674
,3.95
,3.585
,3.95
,5.112
,2.344
,2.344
,6.902
,4.078
,2.376
,2.844
,4.53
,2.734
,7.031
,3.731
,3.051
,2.628
,3.411
,2.656
,3.343
,4.659
,2.988
,3.411
,4.597
,5.637
,1.422
,2.286
,2.184
,4.026
,4.216
,4.492
,3.149
,4.724
,3.716
,4.207
,4.266
,4.687
,1.953
,5.416
,4.53
,3.516
,4.175
,5.211
,2.104
,2.104
,4.026
,3.711
,3.149
,2.606
,2.539
,1.235
,4.106
,4.53
,1.963
,1.68
,2.352
,4.509
,4.691
,3.494
,3.233
,1.853
,4.883
,4.691
,2.981
,4.559
,2.539
,2.039
,5.694
,4.101
,1.769
,2.539
,2.148
,4.101
,2.817
,1.843
,3.521
,5.138
,3.591
,3.792
,1.924
,3.251
,4.323
,6.675
,4.887
,5.448
,3.837
,4.301
,4.266
,5.002
,5.334
,3.494
,6.277
,0.195
,3.125
,5.514
,4.207
,6.836
,5.078
,2.47
,4.752
,4.832
,4.138
,2.762
,0.195
,3.906
,21.718
,3.93
,3.847
,2.656
,1.963
,2.988
,4.941
,4.804
,3.32
,5.363
,2.039
,3.649
,4.887
,3.411
,6.133
,4.824
,1.769
,3.032
,2.104
,1.953
,3.955
,2.72
,4.283
,6.442
,6.551
,3.983
,3.906
,5.94
,5.078
,5.313
,3.131
,4.724
,4.026
,3.494
,1.758
,4.63
,1.611
,3.455
,7.817
,4.12
,5.306
,3.179