Image 1316,Image 1535,Image 1549
17.002,13.014,11.705
10.709,5.782,7.822
2.296,5.174,7.584
13.869,7.071,15.194
2.007,2.308,7.181
6.704,4.248,2.817
8.425,3.263,1.747
8.078,3.004,4.941
4.724,6.639,2.104
4.11,7.73,1.747
11.135,3.96,2.21
2.839,4.679,6.102
2.998,3.286,2.817
7.644,8.979,7.514
5.133,4.819,7.514
6.225,3.44,2.501
3.937,10.161,5.524
2.839,6.081,4.454
5.637,5.769,4.225
3.63,3.922,3.706
6.409,4.631,3.36
5.133,4.695,4.367
5.355,2.339,8.212
5.678,3.546,8.734
4.806,5.059,7.422
5.282,1.632,5.687
6.773,9.806,2.762
3.937,3.101,2.47
6.965,3.846,5.078
6.311,4.385,1.992
8.03,3.546,3.051
6.225,6.202,5.002
2.49,5.015,4.832
4.348,5.16,2.47
3.63,3.96,3.051
8.116,4.631,5.975
8.107,3.004,2.47
10.213,6.923,2.47
1.968,11.233,3.906
9.874,8.6,2.501
4.11,2.463,5.313
9.683,15.783,2.501
2.756,15.783,13.332
2.007,8.47,4.078
5.918,20.18,8.734
4.789,6.261,2.104
5.813,3.788,1.953
2.866,7.257,12.234
2.641,9.012,3.221
1.67,9.262,10.611
2.521,5.782,5.241
2.296,3.308,5.241
6.225,5.679,5.255
3.246,3.286,4.555
3.714,4.865,2.62
3.897,5.769,6.652
2.756,7.929,8.673
5.133,2.692,2.844
10.939,3.96,8.24
4.348,14.513,6.176
4.87,9.888,4.894
5.355,6.617,4.152
3.15,14.861,4.314
3.714,16.516,3.601
2.866,11.094,4.297
5.355,6.343,3.685
3.63,13.054,6.64
3.387,10.498,5.138
2.521,7.919,4.704
2.521,5.343,7.181
3.714,6.617,3.36
7.355,8.435,6.064
5.512,4.631,1.953
9.723,4.819,9.448
4.724,5.16,7.704
2.49,4.925,6.548
4.053,2.58,5.95
2.296,3.483,2.344
4.11,5.231,4.555
2.007,6.88,3.685
7.238,4.231,11.488
10.461,6.081,3.685
4.24,9.389,2.501
12.223,5.231,2.762
2.395,4.16,3.847
2.296,6.02,6.359
4.402,4.16,5.687
4.11,5,4.078
4.741,3.077,3.601
7.259,6.081,5.767
5.526,5.769,6.922
3.174,4.142,5.469
6.348,6.02,4.314
5.483,6.717,2.62
3.63,11.18,2.278
3.565,8.177,2.47
1.67,5.769,2.62
2.641,9.174,3.494
6.493,7.74,2.975
9.587,9.31,4.225
5.568,4.142,2.47
3.63,5.439,3.847
3.937,5.131,2.975
4.015,7.73,4.555
3.364,7.576,4.704
2.839,12.046,5.313
4.24,6.617,2.975
4.757,4.819,3.847
5.011,16.542,3.494
10.753,8.003,4.207
2.839,11.966,3.537
3.957,3.308,4.454
4.489,3.846,2.762
5.853,13.867,7.514
4.185,3.286,10.518
5.282,12.733,3.36
3.714,14.105,6.686
3.957,3.807,4.367
4.11,4.695,3.051
3.897,3.286,8.916
4.591,3.308,4.022
4.806,10.263,7.266
3.735,5,3.494
3.714,5.6,2.501
6.693,6.081,7.584
5.996,5.718,7.753
4.489,11.357,6.298
7.13,5.547,4.314
6.493,4.385,5.524
5.637,2.243,5.593
4.757,7.257,3.685
3.63,12.077,3.494
2.756,2.773,3.516
2.641,6.804,2.47
2.839,6.308,4.768
2.227,5.015,3.494
3.937,5.343,6.922
2.784,4.385,4.704
2.362,6.55,4.314
4.591,5.398,3.051
4.402,1.961,9.407
6.796,17.895,2.47
2.362,7.468,3.601
1.968,15.215,2.501
2.007,26.674,2.278
5.252,13.082,7.463
10.122,13.592,5.859
4.98,13.598,4.752
5.133,7.844,4.225
5.918,4.231,3.906
4.741,3.846,4.768
4.053,4.631,12.985
6.796,9.012,12.795
6.681,6.717,2.844
3.937,7.092,7.674
4.933,9.012,3.983
3.957,8.113,8.907
5.595,7.74,7.297
3.714,9.553,5.859
4.402,8.435,5.138
9.53,9.389,5.241
6.009,3.807,10.005
2.641,9.247,5.859
4.185,6.366,4.704
4.489,7.092,7.031
3.714,5.357,6.652
3.63,4.757,8.778
7.238,6.538,6.176
3.364,11.966,8.043
3.246,4.647,6.359
5.355,4.142,5.859
7.972,5.507,5.962
4.724,11.2,4.454
6.493,11.474,5.469
3.957,17.879,4.72
10.213,17.879,4.894
6.727,5.6,4.078
6.796,2.692,10.776
7.043,7.307,9.797
12.653,4.925,5.872
17.646,5.718,3.983
4.608,6.401,3.601
3.957,7.634,3.494
4.402,35.801,7.967
6.022,5.343,11.103
12.604,5.16,8.156
8.116,6.617,4.022
4.98,10.219,3.221
5.178,18.692,2.975
2.007,5.547,3.221
4.348,7.398,6.955
11.198,3.101,6.311
8.116,3.286,9.773
5.958,6.923,17.595
5.813,10.505,13.258
5.905,4.865,3.051
7.48,3.846,4.894
4.015,2.308,8.734
7.755,1.72,3.051
13.205,6.717,2.762
10.221,4.3,18.52
2.756,4.485,12.506
5.252,7.307,9.576
5.526,6.639,6.72
5.133,6.848,11.247
5.637,8.703,7.514
9.579,13.329,9.26
7.47,5.16,3.906
9.866,9.828,7.503
3.246,12.808,11.388
10.746,15.078,5.962
5.297,11.213,5.552
11.625,11.966,5.093
7.563,16.322,7.734
5.042,11.16,3.601
5.918,13.549,6.955
7.323,18.336,6.359
13.385,9.239,5.872
5.512,5.343,6.987
6.409,8.854,7.463
7.097,9.615,11.614
6.727,24.726,25.7
6.887,12.733,10.275
6.517,3.628,16.41
8.192,3.96,21.183
3.543,3.004,11.335
3.15,5.015,6.262
4.348,3.101,8.907
4.348,5.507,8.576
2.756,10.769,3.537
4.015,3.846,3.494
8.67,6.008,2.501
8.977,6.923,4.454
3.937,7.468,4.152
5.568,3.922,7.861
3.246,10.356,8.576
3.075,10.356,5.859
4.87,6.934,4.314
8.741,6.923,4.72
7.259,5.343,3.601
7.972,5.871,2.501
4.741,9.174,6.176
7.844,7.071,5.975
2.395,10.029,6.955
7.844,4.142,7.812
2.395,6.081,4.72
4.933,6.55,7.822
7.227,6.934,3.337
7.573,4.088,4.225
5.732,6.081,2.501
6.693,7.634,2.501
3.937,9.828,1.747
7.259,17.414,7.503
3.937,10.066,4.367
2.296,12.223,5.593
2.49,3.546,6.72
3.63,12.223,6.359
4.806,4.819,3.906
5.297,5.231,8.24
4.591,10.095,3.706
3.897,13.771,11.11
2.296,17.187,9.789
2.12,17.187,6.955
2.362,3.865,4.768
5.595,6.213,6.359
3.387,3.649,6.359
3.877,4.142,3.906
3.937,5.507,7.042
11.902,6.717,5.634
5.918,5.883,4.555
12.998,7.788,5.313
9.53,3.286,4.225
4.053,3.263,3.051
3.364,3.308,6.311
3.387,3.546,9.285
5.011,13.549,5.859
5.133,14.416,6.833
3.075,3.308,4.367
6.552,7.348,3.36
6.727,3.628,3.601
6.552,4.16,4.555
7.097,5.466,7.514
4.015,4.142,7.266
4.185,5.971,2.62
8.416,10.095,3.149
4.053,6.081,2.62
5.905,13.082,2.21
6.727,3.004,3.685
4.87,2.432,3.867
5.282,3.628,4.152
5.996,4.695,5.241
11.093,5.357,3.36
5.282,4.248,4.022
7.097,8.921,4.022
7.323,6.213,3.149
3.543,2.339,4.078
7.755,4.631,5.427
4.24,3.461,9.504
7.521,5.16,6.922
3.364,3.461,6.652
8.882,5.439,4.297
8.882,9.806,6.262
5.118,15.858,3.149
6.009,17.38,4.078
4.933,5.466,9.285
5.355,3.286,3.685
6.009,2.58,3.706
3.877,5.507,9.111
7.923,2.72,8.45
4.185,3.546,12.166
6.875,3.44,5.002
5.133,8.72,4.297
11.974,3.101,7.503
5.595,2.463,10.186
8.116,7.891,4.768
7.238,3.546,3.36
9.132,10.498,6.359
9.481,5.883,4.454
10.967,7.154,4.022
3.63,4.679,9.111
5.526,5,4.941
13.391,3.308,5.634
5.595,1.923,4.572
10.06,5.466,2.844
8.499,2.243,4.152
6.409,4.819,3.494
4.741,5.015,7.812
15.288,8.444,5.807
9.216,5.015,5.313
7.49,3.546,9.144
6.976,5.507,3.051
10.304,7.788,5.975
5.732,6.538,3.36
10.889,14.236,3.36
9.063,15.113,5.859
9.587,9.31,5.138
6.599,6.081,6.675
8.741,3.546,5.211
3.957,5,3.051
4.015,17.692,6.176
8.22,9.806,2.844
4.98,14.277,9.536
4.015,10.665,4.314
4.757,7.398,10.186
3.937,13.082,4.454
11.843,6.202,5.524
5.133,17.708,5.524
3.937,14.539,5.593
4.741,7.154,3.906
3.543,7.556,6.911
18.114,16.791,4.454
13.205,8.77,3.983
6.704,8.879,2.278
5.512,9.389,3.601
10.6,10.241,5.807
9.739,8.302,9.882
8.03,5.718,4.752
3.937,7.929,9.448
8.453,17.027,9.647
22.66,9.888,12.265
5.526,16.172,13.361
7.13,12.557,4.022
4.331,18.609,4.454
6.022,9.499,5.002
5.118,7.929,4.72
7.972,8.258,4.419
7.238,7.468,3.149
9.514,9.174,3.149
8.986,5.384,5.313
4.185,3.101,3.847
5.297,7.185,3.706
6.681,4.757,6.743
6.493,4.925,5.911
9.216,4.16,5.093
3.63,5.507,1.105
2.784,4.615,3.516
6.875,2.176,4.832
6.517,1.923,3.601
7.097,5.507,3.051
6.009,8.854,3.221
19.307,7.348,2.734
4.402,3.922,2.762
11.798,7.226,3.149
7.428,5.16,2.975
2.12,5.466,3.149
2.521,7.788,3.516
2.784,6.447,3.221
2.227,5.343,8.053
2.521,9.294,3.051
1.968,8.159,3.149
3.174,4.865,5.859
3.364,2.72,3.685
4.724,4.088,3.601
5.042,1.923,5.078
2.49,1.923,7.042
2.641,1.923,6.652
2.784,1.961,2.762
1.968,5.131,2.844
2.641,4.088,3.337
2.784,1.586,2.844
1.623,2.929,4.454
1.245,2.243,2.975
1.968,2.58,15.239
2.521,1.088,7.422
2.296,1.216,10.832
2.839,0.86,10.669
2.641,1.387,10.342
1.968,2.071,6.922
1.623,1.387,9.119
9.457,1.961,16.072
5.297,2.339,4.419
4.24,2.243,5.552
3.075,3.546,1.172
1.245,1.538,2.817
2.839,2.176,4.832
2.784,1.72,11.375
2.296,3.004,3.601
4.185,3.44,5.552
4.053,2.58,9.383
2.866,2.432,12.115
4.806,2.432,4.225
2.784,1.923,3.601
2.839,3.101,10.575
2.641,3.004,7.042
3.565,1.632,5.093
1.245,8.946,5.313
3.937,3.004,6.114
6.022,3.101,10.853
5.483,1.923,14.154
5.958,2.432,3.221
2.998,1.961,5.962
2.362,1.72,2.762
1.623,2.308,1.235
4.053,4.088,13.177
4.185,4.16,4.555
3.937,1.923,1.992
4.185,2.308,2.844
4.11,0.769,6.298
3.937,1.216,8.593
4.724,1.538,5.872
3.543,0.86,6.077
3.364,1.154,10.275
3.877,1.72,10.012
2.227,1.586,5.211
1.761,1.923,5.552
4.11,2.432,4.225
2.839,3.004,6.822
3.63,1.216,5.211
7.355,1.586,3.149
2.521,1.154,5.241
3.174,1.961,8.359
3.937,1.961,13.125
2.362,2.176,5.255
4.185,1.538,18.79
3.364,1.72,9.456
2.866,1.923,5.241
2.784,1.387,4.367
2.756,3.286,4.704
2.395,3.172,3.601
3.877,1.923,3.906
2.227,2.58,3.494
4.185,1.088,8.212
5.355,1.154,5.002
6.693,2.071,11.103
1.761,1.72,3.494
6.493,2.071,11.718
4.185,1.538,6.176
3.15,1.538,9.383
2.998,1.923,8.839
3.341,2.929,14.704
4.741,3.004,9.448
4.402,2.176,14.405
2.784,3.004,4.454
7.355,3.101,9.111
6.225,1.586,4.704
3.246,1.961,5.313
2.998,0.769,3.847
3.246,1.923,8.45
2.12,2.308,11.495
1.419,2.72,3.906
2.227,1.923,5.002
3.877,1.961,5.975
2.756,3.101,11.822
3.15,3.172,7.734
3.174,2.72,8.907
2.521,2.432,11.007
2.521,1.154,10.005
2.007,1.216,5.093
4.185,3.101,4.72
1.623,1.586,4.72
3.075,1.538,7.128
2.49,2.071,4.687
4.185,0.769,8.24
2.395,1.586,8.212
3.822,5.231,19.802
1.815,1.923,4.078
2.12,1.961,4.207
2.244,1.586,2.817
1.761,2.8,3.36
2.784,1.088,3.601
6.102,0.769,3.601
4.096,1.586,5.687
2.304,2.432,4.367
2.559,0.86,4.367
1.392,2.463,10.312
1.378,2.243,5.313
1.06,1.72,1.611
2.092,3.628,6.298
1.537,1.538,1.953
1.857,2.432,1.953
1.949,2.308,2.975
1.939,1.923,1.611
2.521,1.586,2.47
2.201,1.586,2.844
1.499,2.071,2.817
2.567,1.216,4.454
1.575,2.243,3.125
1.499,2.58,7.297
1.433,1.088,2.817
1.378,1.216,5.313
1.623,0.86,6.652
4.152,1.387,3.125
2.926,2.071,3.906
2.007,1.387,3.149
1.587,1.961,1.953
4.058,2.339,1.235
2.641,2.243,1.562
0.88,3.546,2.344
1.392,1.538,0.873
1.419,2.176,0.391
1.419,1.72,0.552
1.587,3.004,0.873
1.587,3.44,1.105
1.392,2.58,1.172
0.984,2.432,0.781
1.419,2.432,0.873
2.798,1.923,0.781
1.761,3.101,0.873
1.968,3.004,0.781
1.939,1.632,0.873
1.419,8.946,1.657
1.587,3.004,0.781
1.67,3.101,1.235
1.392,1.923,0.391
1.693,2.432,0.781
1.857,1.961,1.172
1.867,1.72,1.562
2.092,2.308,3.494
1.378,4.088,2.844
2.129,4.16,1.172
1.181,1.923,1.611
1.693,2.308,0.781
1.968,0.769,1.747
3.877,1.216,1.611
1.245,1.538,1.172
1.968,0.86,1.562
1.433,1.154,0.873
1.815,1.72,1.953
2.201,1.586,1.172
1.761,1.923,1.172
2.559,2.432,1.172
1.693,3.004,1.172
2.37,1.216,0.781
2.839,1.586,0.781
0.984,1.154,0.781
2.49,1.961,2.376
2.055,1.961,1.172
2.092,2.176,1.172
2.521,1.538,0.781
3.387,1.72,1.172
2.027,1.923,1.172
1.587,1.387,0.873
1.857,3.286,2.376
1.783,3.172,0.873
2.559,1.923,1.172
3.112,2.58,6.176
1.682,1.088,3.601
2.677,1.154,1.562
1.392,2.071,1.408
1.114,1.72,1.172
1.575,2.071,1.235
1.148,1.538,3.149
2.395,1.538,1.562
3.822,1.923,5.002
1.815,2.929,1.235
2.12,3.004,2.344
2.244,2.176,1.953
1.761,3.004,1.562
2.784,3.101,1.235
6.102,1.586,1.657
4.096,1.961,1.657
2.304,0.769,0.781
2.559,1.923,1.562
1.392,2.308,1.235
1.378,2.72,1.992
1.06,1.923,1.953
2.092,1.961,1.105
1.537,3.101,2.104
1.857,3.172,1.172
1.949,2.72,1.172
1.939,2.432,1.172
2.521,1.154,0.873
2.201,1.216,1.172
1.499,3.101,0.781
2.567,1.586,1.562
1.575,1.538,1.562
1.499,2.071,1.747
1.433,0.769,0.781
1.378,1.586,1.611
1.623,5.231,1.172
4.152,1.923,0.781
2.926,1.961,2.104
2.007,1.586,1.172
1.587,2.8,1.747
4.058,1.088,0.781
2.641,0.769,1.172
0.88,1.586,0.781
1.392,2.432,1.172
1.419,0.86,2.344
1.419,2.463,2.278
1.587,2.243,1.992
1.587,1.72,1.408
1.392,3.628,1.992
0.984,1.538,0.781
1.419,2.432,1.953
2.798,2.308,1.611
1.761,1.923,1.611
1.968,1.586,2.376
1.939,1.586,1.235
1.419,2.071,1.953
1.587,1.216,2.47
1.67,2.243,0.781
1.392,2.58,1.562
1.693,1.088,1.562
1.857,1.216,1.562
1.867,0.86,1.562
2.092,1.387,2.344
1.378,2.071,1.953
2.129,1.387,1.953
1.181,1.961,4.832
1.693,2.339,1.562
1.968,2.243,1.235
3.877,3.546,1.562
1.245,1.538,2.975
1.968,2.176,3.051
1.433,1.72,2.344
1.815,3.004,1.953
2.201,3.44,1.235
1.761,2.58,1.562
2.559,2.432,2.344
1.693,2.432,0.873
2.37,1.923,0.391
2.839,3.101,0.552
0.984,3.004,0.873
2.49,1.632,1.105
2.055,8.946,1.172
2.092,3.004,0.781
2.521,3.101,0.873
3.387,1.923,0.781
2.027,2.432,0.873
1.587,1.961,0.781
1.857,1.72,0.873
1.783,2.308,1.657
2.559,4.088,0.781
3.112,4.16,1.235
1.682,1.923,0.391
2.677,2.308,0.781
1.392,0.769,1.172
1.114,1.216,1.562
1.575,1.538,3.494
1.148,0.86,2.844
2.395,1.154,1.172
3.822,1.72,1.611
1.815,1.586,0.781
2.12,1.923,1.747
2.244,2.432,1.611
1.761,3.004,1.172
2.784,1.216,1.562
6.102,1.586,0.873
4.096,1.154,1.953
2.304,1.961,1.172
2.559,1.961,1.172
1.392,2.176,1.172
1.378,1.538,1.172
1.06,1.72,0.781
2.092,1.923,0.781
1.537,1.387,0.781
1.857,3.286,2.376
1.949,3.172,1.172
1.939,1.923,1.172
2.521,2.58,0.781
2.201,1.088,1.172
1.499,1.154,1.172
2.567,2.071,0.873
1.575,1.72,2.376
1.499,2.071,0.873
1.433,1.538,1.172
1.378,1.538,6.176
1.623,1.923,3.601
4.152,2.929,1.562
2.926,3.004,1.408
2.007,2.176,1.172
1.587,3.004,1.235
4.058,3.101,3.149
2.641,1.586,1.562
0.88,1.961,5.002
1.392,0.769,1.235
1.419,1.923,2.344
1.419,2.308,1.953
1.587,2.72,1.562
1.587,1.923,1.235
1.392,1.961,1.657
0.984,3.101,1.657
1.419,3.172,0.781
2.798,2.72,1.562
1.761,2.432,1.235
1.968,1.154,1.992
1.939,1.216,1.953
1.419,3.101,1.105
1.587,1.586,2.104
1.67,1.538,1.172
1.392,2.071,1.172
1.693,0.769,1.172
1.857,1.586,0.873
1.867,5.231,1.172
2.092,1.923,0.781
1.378,1.961,1.562
2.129,1.586,1.562
1.181,2.8,1.747
1.693,1.088,0.781
1.968,0.769,1.611
3.877,1.586,1.172
1.245,2.432,0.781
1.968,0.86,2.104
1.433,2.463,1.172
1.815,2.243,1.747
2.201,1.72,0.781
1.761,3.628,1.172
2.559,1.538,0.781
1.693,2.432,1.172
2.37,2.308,2.344
2.839,1.923,2.278
0.984,1.586,1.992
2.49,1.586,1.408
2.055,2.071,1.992
2.092,1.216,0.781
2.521,2.243,1.953
3.387,2.58,1.611
2.027,1.088,1.611
1.587,1.216,2.376
1.857,0.86,1.235
1.783,1.387,1.953
2.559,2.071,2.47
3.112,1.387,0.781
1.682,1.961,1.562
2.677,2.339,1.562
1.392,2.243,1.562
1.114,3.546,1.562
1.575,1.538,2.344
1.148,2.176,1.953
2.395,1.72,1.953
3.822,3.004,4.832
1.815,3.44,1.562
2.12,2.58,1.235
2.244,2.432,1.562
1.761,2.432,2.975
2.784,1.923,3.051
6.102,3.101,2.344
4.096,3.004,1.953
2.304,1.632,1.235
2.559,8.946,1.562
1.392,3.004,2.344
1.378,3.101,0.873
1.06,1.923,0.391
2.092,2.432,0.552
1.537,1.961,0.873
1.857,1.72,1.105
1.949,2.308,1.172
1.939,4.088,0.781
2.521,4.16,0.873
2.201,1.923,0.781
1.499,2.308,0.873
2.567,0.769,0.781
1.575,1.216,0.873
1.499,1.538,1.657
1.433,0.86,0.781
1.378,1.154,1.235
1.623,1.72,0.391
4.152,1.586,0.781
2.926,1.923,1.172
2.007,2.432,1.562
1.587,3.004,3.494
4.058,1.216,2.844
2.641,1.586,1.172
0.88,1.154,1.611
1.392,1.961,0.781
1.419,1.961,1.747
1.419,2.176,1.611
1.587,1.538,1.172
1.587,1.72,1.562
1.392,1.923,0.873
0.984,1.387,1.953
1.419,3.286,1.172
2.798,3.172,1.172
1.761,1.923,1.172
1.968,2.58,1.172
1.939,1.088,0.781
1.419,1.154,0.781
1.587,2.071,0.781
1.67,1.72,2.376
1.392,2.071,1.172
1.693,1.538,1.172
1.857,1.538,0.781
1.867,1.923,1.172
2.092,2.929,1.172
1.378,3.004,0.873
2.129,2.176,2.376
1.181,3.004,0.873
1.693,3.101,1.172
1.968,1.586,6.176
3.877,1.961,3.601
1.245,0.769,1.562
1.968,1.923,1.408
1.433,2.308,1.172
1.815,2.72,1.235
2.201,1.923,3.149
1.761,1.961,1.562
2.559,3.101,5.002
1.693,3.172,1.235
2.37,2.72,2.344
2.839,2.432,1.953
0.984,1.154,1.562
2.49,1.216,1.235
2.055,3.101,1.657
2.092,1.586,1.657
2.521,1.538,0.781
3.387,2.071,1.562
2.027,0.769,1.235
1.587,1.586,1.992
1.857,5.231,1.953
1.783,1.923,1.105
2.559,1.961,2.104
3.112,1.586,1.172
1.682,2.8,1.172
2.677,1.088,1.172
1.392,0.769,0.873
1.114,1.586,1.172
1.575,2.432,0.781
1.148,0.86,1.562
2.395,2.463,1.562
3.822,2.243,1.747
1.815,1.72,0.781
2.12,3.628,1.611
2.244,1.538,1.172
1.761,2.432,0.781
2.784,2.308,2.104
6.102,1.923,1.172
4.096,1.586,1.747
2.304,1.586,0.781
2.559,2.071,1.172
1.392,1.216,0.781
1.378,2.243,1.172
1.06,2.58,2.344
2.092,1.088,2.278
1.537,1.216,1.992
1.857,0.86,1.408
1.949,1.387,1.992
1.939,2.071,0.781
2.521,1.387,1.953
2.201,1.961,1.611
1.499,2.339,1.611
2.567,2.243,2.376
1.575,3.546,1.235
1.499,1.538,1.953
1.433,2.176,2.47
1.378,1.72,0.781
1.623,3.004,1.562
4.152,3.44,1.562
2.926,2.58,1.562
2.007,2.432,1.562
1.587,2.432,2.344
4.058,1.923,1.953
2.641,3.101,1.953
0.88,3.004,4.832
1.392,1.632,1.562
1.419,8.946,1.235
1.419,3.004,1.562
1.587,3.101,2.975
1.587,1.923,3.051
1.392,2.432,2.344
0.984,1.961,1.953
1.419,1.72,1.235
2.798,2.308,1.562
1.761,4.088,2.344
1.968,4.16,0.873
1.939,1.923,0.391
1.419,2.308,0.552
1.587,0.769,0.873
1.67,1.216,1.105
1.392,1.538,1.172
1.693,0.86,0.781
1.857,1.154,0.873
1.867,1.72,0.781
2.092,1.586,0.873
1.378,1.923,0.781
2.129,2.432,0.873
1.181,3.004,1.657
1.693,1.216,0.781
1.968,1.586,1.235
3.877,1.154,0.391
1.245,1.961,0.781
1.968,1.961,1.172
1.433,2.176,1.562
1.815,1.538,3.494
2.201,1.72,2.844
1.761,1.923,1.172
2.559,1.387,1.611
1.693,3.286,0.781
2.37,3.172,1.747
2.839,1.923,1.611
0.984,2.58,1.172
2.49,1.088,1.562
2.055,1.154,0.873
2.092,2.071,1.953
2.521,1.72,1.172
3.387,2.071,1.172
2.027,1.538,1.172
1.587,1.538,1.172
1.857,1.923,0.781
1.783,2.929,0.781
2.559,3.004,0.781
3.112,2.176,2.376
1.682,3.004,1.172
2.677,3.101,1.172
1.392,1.586,0.781
1.114,1.961,1.172
1.575,0.769,1.172
1.148,1.923,0.873
2.395,2.308,2.376
3.822,2.72,0.873
1.815,1.923,1.172
2.12,1.961,6.176
2.244,3.101,3.601
1.761,3.172,1.562
2.784,2.72,1.408
6.102,2.432,1.172
4.096,1.154,1.235
2.304,1.216,3.149
2.559,3.101,1.562
1.392,1.586,5.002
1.378,1.538,1.235
1.06,2.071,2.344
2.092,0.769,1.953
1.537,1.586,1.562
1.857,5.231,1.235
1.949,1.923,1.657
1.939,1.961,1.657
2.521,1.586,0.781
2.201,2.8,1.562
1.499,1.088,1.235
2.567,0.769,1.992
1.575,1.586,1.953
1.499,2.432,1.105
1.433,0.86,2.104
1.378,2.463,1.172
1.623,2.243,1.172
4.152,1.72,1.172
2.926,3.628,0.873
2.007,1.538,1.172
1.587,2.432,0.781
4.058,2.308,1.562
2.641,1.923,1.562
0.88,1.586,1.747
1.392,1.586,0.781
1.419,2.071,1.611
1.419,1.216,1.172
1.587,2.243,0.781
1.587,2.58,2.104
1.392,1.088,1.172
0.984,1.216,1.747
1.419,0.86,0.781
2.798,1.387,1.172
1.761,2.071,0.781
1.968,1.387,1.172
1.939,1.961,2.344
1.419,2.339,2.278
1.587,2.243,1.992
1.67,3.546,1.408
1.392,1.538,1.992
1.693,2.176,0.781
1.857,1.72,1.953
1.867,3.004,1.611
2.092,3.44,1.611
1.378,2.58,2.376
2.129,2.432,1.235
1.181,2.432,1.953
1.693,1.923,2.47
1.968,3.101,0.781
3.877,3.004,1.562
1.245,1.632,1.562
1.968,8.946,1.562
1.433,3.004,1.562
1.815,3.101,2.344
2.201,1.923,1.953
1.761,2.432,1.953
2.559,1.961,4.832
1.693,1.72,1.562
2.37,2.308,1.235
2.839,4.088,1.562
0.984,4.16,2.975
2.49,1.923,3.051
2.055,2.308,2.344
2.092,0.769,1.953
2.521,1.216,1.235
3.387,1.538,1.562
2.027,0.86,2.344
1.587,1.154,0.873
1.857,1.72,0.391
1.783,1.586,0.552
2.559,1.923,0.873
3.112,2.432,1.105
1.682,3.004,1.172
2.677,1.216,0.781
1.392,1.586,0.873
1.114,1.154,0.781
1.575,1.961,0.873
1.148,1.961,0.781
2.395,2.176,0.873
3.822,1.538,1.657
1.815,1.72,0.781
2.12,1.923,1.235
2.244,1.387,0.391
1.761,3.286,0.781
2.784,3.172,1.172
6.102,1.923,1.562
4.096,2.58,3.494
2.304,1.088,2.844
2.559,1.154,1.172
1.392,2.071,1.611
1.378,1.72,0.781
1.06,2.071,1.747
2.092,1.538,1.611
1.537,1.538,1.172
1.857,1.923,1.562
1.949,2.929,0.873
1.939,3.004,1.953
2.521,2.176,1.172
2.201,3.004,1.172
1.499,3.101,1.172
2.567,1.586,1.172
1.575,1.961,0.781
1.499,0.769,0.781
1.433,1.923,0.781
1.378,2.308,2.376
1.623,2.72,1.172
4.152,1.923,1.172
2.926,1.961,0.781
2.007,3.101,1.172
1.587,3.172,1.172
4.058,2.72,0.873
2.641,2.432,2.376
0.88,1.154,0.873
1.392,1.216,1.172
1.419,3.101,6.176
1.419,1.586,3.601
1.587,1.538,1.562
1.587,2.071,1.408
1.392,0.769,1.172
0.984,1.586,1.235
1.419,5.231,3.149
2.798,1.923,1.562
1.761,1.961,5.002
1.968,1.586,1.235
1.939,2.8,2.344
1.419,1.088,1.953
1.587,0.769,1.562
1.67,1.586,1.235
1.392,2.432,1.657
1.693,0.86,1.657
1.857,2.463,0.781
1.867,2.243,1.562
2.092,1.72,1.235
1.378,3.628,1.992
2.129,1.538,1.953
1.181,2.432,1.105
1.693,2.308,2.104
1.968,1.923,1.172
3.877,1.586,1.172
1.245,1.586,1.172
1.968,2.071,0.873
1.433,1.216,1.172
1.815,2.243,0.781
2.201,2.58,1.562
1.761,1.088,1.562
2.559,1.216,1.747
1.693,0.86,0.781
2.37,1.387,1.611
2.839,2.071,1.172
0.984,1.387,0.781
2.49,1.961,2.104
2.055,2.339,1.172
2.092,2.243,1.747
2.521,3.546,0.781
3.387,1.538,1.172
2.027,2.176,0.781
1.587,1.72,1.172
1.857,3.004,2.344
1.783,3.44,2.278
2.559,2.58,1.992
3.112,2.432,1.408
1.682,2.432,1.992
2.677,1.923,0.781
1.392,3.101,1.953
1.114,3.004,1.611
1.575,1.632,1.611
1.148,8.946,2.376
2.395,3.004,1.235
3.822,3.101,1.953
1.815,1.923,2.47
2.12,2.432,0.781
2.244,1.961,1.562
1.761,1.72,1.562
2.784,2.308,1.562
6.102,4.088,1.562
4.096,4.16,2.344
2.304,1.923,1.953
2.559,2.308,1.953
1.392,0.769,4.832
1.378,1.216,1.562
1.06,1.538,1.235
2.092,0.86,1.562
1.537,1.154,2.975
1.857,1.72,3.051
1.949,1.586,2.344
1.939,1.923,1.953
2.521,2.432,1.235
2.201,3.004,1.562
1.499,1.216,2.344
2.567,1.586,0.873
1.575,1.154,0.391
1.499,1.961,0.552
1.433,1.961,0.873
1.378,2.176,1.105
1.623,1.538,1.172
4.152,1.72,0.781
2.926,1.923,0.873
2.007,1.387,0.781
1.587,3.286,0.873
4.058,3.172,0.781
2.641,1.923,0.873
0.88,2.58,1.657
1.392,1.088,0.781
1.419,1.154,1.235
1.419,2.071,0.391
1.587,1.72,0.781
1.587,2.071,1.172
1.392,1.538,1.562
0.984,1.538,3.494
1.419,1.923,2.844
2.798,2.929,1.172
1.761,3.004,1.611
1.968,2.176,0.781
1.939,3.004,1.747
1.419,3.101,1.611
1.587,1.586,1.172
1.67,1.961,1.562
1.392,0.769,0.873
1.693,1.923,1.953
1.857,2.308,1.172
1.867,2.72,1.172
2.092,1.923,1.172
1.378,1.961,1.172
2.129,3.101,0.781
1.181,3.172,0.781
1.693,2.72,0.781
1.968,2.432,2.376
3.877,1.154,1.172
1.245,1.216,1.172
1.968,3.101,0.781
1.433,1.586,1.172
1.815,1.538,1.172
2.201,2.071,0.873
1.761,0.769,2.376
2.559,1.586,0.873
1.693,5.231,1.172
2.37,1.923,6.176
2.839,1.961,3.601
0.984,1.586,1.562
2.49,2.8,1.408
2.055,1.088,1.172
2.092,0.769,1.235
2.521,1.586,3.149
3.387,2.432,1.562
2.027,0.86,5.002
1.587,2.463,1.235
1.857,2.243,2.344
1.783,1.72,1.953
2.559,3.628,1.562
3.112,1.538,1.235
1.682,2.432,1.657
2.677,2.308,1.657
1.392,1.923,0.781
1.114,1.586,1.562
1.575,1.586,1.235
1.148,2.071,1.992
2.395,1.216,1.953
3.822,2.243,1.105
1.815,2.58,2.104
2.12,1.088,1.172
2.244,1.216,1.172
1.761,0.86,1.172
2.784,1.387,0.873
6.102,2.071,1.172
4.096,1.387,0.781
2.304,1.961,1.562
2.559,2.339,1.562
1.392,2.243,1.747
1.378,3.546,0.781
1.06,1.538,1.611
2.092,2.176,1.172
1.537,1.72,0.781
1.857,3.004,2.104
1.949,3.44,1.172
1.939,2.58,1.747
2.521,2.432,0.781
2.201,2.432,1.172
1.499,1.923,0.781
2.567,3.101,1.172
1.575,3.004,2.344
1.499,1.632,2.278
1.433,8.946,1.992
1.378,3.004,1.408
1.623,3.101,1.992
4.152,1.923,0.781
2.926,2.432,1.953
2.007,1.961,1.611
1.587,1.72,1.611
4.058,2.308,2.376
2.641,4.088,1.235
0.88,4.16,1.953
1.392,1.923,2.47
1.419,2.308,0.781
1.419,0.769,1.562
1.587,1.216,1.562
1.587,1.538,1.562
1.392,0.86,1.562
0.984,1.154,2.344
1.419,1.72,1.953
2.798,1.586,1.953
1.761,1.923,4.832
1.968,2.432,1.562
1.939,3.004,1.235
1.419,1.216,1.562
1.587,1.586,2.975
1.67,1.154,3.051
1.392,1.961,2.344
1.693,1.961,1.953
1.857,2.176,1.235
1.867,1.538,1.562
2.092,1.72,2.344
1.378,1.923,0.873
2.129,1.387,0.391
1.181,3.286,0.552
1.693,3.172,0.873
1.968,1.923,1.105
3.877,2.58,1.172
1.245,1.088,0.781
1.968,1.154,0.873
1.433,2.071,0.781
1.815,1.72,0.873
2.201,2.071,0.781
1.761,1.538,0.873
2.559,1.538,1.657
1.693,1.923,0.781
2.37,2.929,1.235
2.839,3.004,0.391
0.984,2.176,0.781
2.49,3.004,1.172
2.055,3.101,1.562
2.092,1.586,3.494
2.521,1.961,2.844
3.387,0.769,1.172
2.027,1.923,1.611
1.587,2.308,0.781
1.857,2.72,1.747
1.783,1.923,1.611
2.559,1.961,1.172
3.112,3.101,1.562
1.682,3.172,0.873
2.677,2.72,1.953
1.392,2.432,1.172
1.114,1.154,1.172
1.575,1.216,1.172
1.148,3.101,1.172
2.395,1.586,0.781
3.822,1.538,0.781
1.815,2.071,0.781
2.12,0.769,2.376
2.244,1.586,1.172
1.761,5.231,1.172
2.784,1.923,0.781
6.102,1.961,1.172
4.096,1.586,1.172
2.304,2.8,0.873
2.559,1.088,2.376
1.392,0.769,0.873
1.378,1.586,1.172
1.06,2.432,6.176
2.092,0.86,3.601
1.537,2.463,1.562
1.857,2.243,1.408
1.949,1.72,1.172
1.939,3.628,1.235
2.521,1.538,3.149
2.201,2.432,1.562
1.499,2.308,5.002
2.567,1.923,1.235
1.575,1.586,2.344
1.499,1.586,1.953
1.433,2.071,1.562
1.378,1.216,1.235
1.623,2.243,1.657
4.152,2.58,1.657
2.926,1.088,0.781
2.007,1.216,1.562
1.587,0.86,1.235
4.058,1.387,1.992
2.641,2.071,1.953
0.88,1.387,1.105
1.392,1.961,2.104
1.419,2.339,1.172
1.419,2.243,1.172
1.587,3.546,1.172
1.587,1.538,0.873
1.392,2.176,1.172
0.984,1.72,0.781
1.419,3.004,1.562
2.798,3.44,1.562
1.761,2.58,1.747
1.968,2.432,0.781
1.939,2.432,1.611
1.419,1.923,1.172
1.587,3.101,0.781
1.67,3.004,2.104
1.392,1.632,1.172
1.693,8.946,1.747
1.857,3.004,0.781
1.867,3.101,1.172
2.092,1.923,0.781
1.378,2.432,1.172
2.129,1.961,2.344
1.181,1.72,2.278
1.693,2.308,1.992
1.968,4.088,1.408
3.877,4.16,1.992
1.245,1.923,0.781
1.968,2.308,1.953
1.433,0.769,1.611
1.815,1.216,1.611
2.201,1.538,2.376
1.761,0.86,1.235
2.559,1.154,1.953
1.693,1.72,2.47
2.37,1.586,0.781
2.839,1.923,1.562
0.984,2.432,1.562
2.49,3.004,1.562
2.055,1.216,1.562
2.092,1.586,2.344
2.521,1.154,1.953
3.387,1.961,1.953
2.027,1.961,4.832
1.587,2.176,1.562
1.857,1.538,1.235
1.783,1.72,1.562
2.559,1.923,2.975
3.112,1.387,3.051
1.682,3.286,2.344
2.677,3.172,1.953
1.392,1.923,1.235
1.114,2.58,1.562
1.575,1.088,2.344
1.148,1.154,0.873
,2.071,0.391
,1.72,0.552
,2.071,0.873
,1.538,1.105
,1.538,1.172
,1.923,0.781
,2.929,0.873
,3.004,0.781
,2.176,0.873
,3.004,0.781
,3.101,0.873
,1.586,1.657
,1.961,0.781
,0.769,1.235
,1.923,0.391
,2.308,0.781
,2.72,1.172
,1.923,1.562
,1.961,3.494
,3.101,2.844
,3.172,1.172
,2.72,1.611
,2.432,0.781
,1.154,1.747
,1.216,1.611
,3.101,1.172
,1.586,1.562
,1.538,0.873
,2.071,1.953
,0.769,1.172
,1.586,1.172
,5.231,1.172
,1.923,1.172
,1.961,0.781
,1.586,0.781
,2.8,0.781
,1.088,2.376
,0.769,1.172
,1.586,1.172
,2.432,0.781
,0.86,1.172
,2.463,1.172
,2.243,0.873
,1.72,2.376
,3.628,0.873
,1.538,1.172
,2.432,6.176
,2.308,3.601
,1.923,1.562
,1.586,1.408
,1.586,1.172
,2.071,1.235
,1.216,3.149
,,1.562
,,5.002
,,1.235
,,2.344
,,1.953
,,1.562
,,1.235
,,1.657
,,1.657
,,0.781
,,1.562
,,1.235
,,1.992
,,1.953
,,1.105
,,2.104
,,1.172
,,1.172
,,1.172
,,0.873
,,1.172
,,0.781
,,1.562
,,1.562
,,1.747
,,0.781
,,1.611
,,1.172
,,0.781
,,2.104
,,1.172
,,1.747
,,0.781
,,1.172
,,0.781
,,1.172
,,2.344
,,2.278
,,1.992
,,1.408
,,1.992
,,0.781
,,1.953
,,1.611
,,1.611
,,2.376
,,1.235
,,1.953
,,2.47
,,0.781
,,1.562
,,1.562
,,1.562
,,1.562
,,2.344
,,1.953
,,1.953
,,4.832
,,1.562
,,1.235
,,1.562
,,2.975
,,3.051
,,2.344
,,1.953
,,1.235
,,1.562
,,2.344
,,0.873
,,0.391
,,0.552
,,0.873
,,1.105
,,1.172
,,0.781
,,0.873
,,0.781
,,0.873
,,0.781
,,0.873
,,1.657
,,0.781
,,1.235
,,0.391
,,0.781
,,1.172
,,1.562
,,3.494
,,2.844
,,1.172
,,1.611
,,0.781
,,1.747
,,1.611
,,1.172
,,1.562
,,0.873
,,1.953
,,1.172
,,1.172
,,1.172
,,1.172
,,0.781
,,0.781
,,0.781
,,2.376
,,1.172
,,1.172
,,0.781
,,1.172
,,1.172
,,0.873
,,2.376
,,0.873
,,1.172
,,6.176
,,3.601
,,1.562
,,1.408
,,1.172
,,1.235
,,3.149
,,1.562
,,5.002
,,1.235
,,2.344
,,1.953
,,1.562
,,1.235
,,1.657
,,1.657
,,0.781
,,1.562
,,1.235
,,1.992
,,1.953
,,1.105
,,2.104
,,1.172
,,1.172
,,1.172
,,0.873
,,1.172
,,0.781
,,1.562
,,1.562
,,1.747
,,0.781
,,1.611
,,1.172
,,0.781
,,2.104
,,1.172
,,1.747
,,0.781
,,1.172
,,0.781
,,1.172
,,2.344
,,2.278
,,1.992
,,1.408
,,1.992
,,0.781
,,1.953
,,1.611
,,1.611
,,2.376
,,1.235
,,1.953
,,2.47
,,0.781
,,1.562
,,1.562
,,1.562
,,1.562
,,2.344
,,1.953
,,1.953
,,4.832
,,1.562
,,1.235
,,1.562
,,2.975
,,3.051
,,2.344